objectid,lad19cd,lad19nm,lad19nmw,bng_e,bng_n,longitude,latitude,st_areasha,st_lengths,LEVL_CODE,NUTS_ID,CNTR_CODE,NUTS_NAME,MOUNT_TYPE,URBN_TYPE,COAST_TYPE,FID
1,E06000001,Hartlepool,,447160,531474,-1.27018,54.67614,93712619.82,71011.93395,3,UKC11,UK,Hartlepool and Stockton-on-Tees,4,1,1,UKC11
2,E06000002,Middlesbrough,,451141,516887,-1.21099,54.54467,53881564.27,44481.69124,3,UKC12,UK,South Teesside,4,1,1,UKC12
3,E06000003,Redcar and Cleveland,,464361,519597,-1.00608,54.56752,245069508.9,96703.9897,3,UKC12,UK,South Teesside,4,1,1,UKC12
4,E06000004,Stockton-on-Tees,,444940,518183,-1.30664,54.556911,204932953.8,123408.9859,3,UKC11,UK,Hartlepool and Stockton-on-Tees,4,1,1,UKC11
5,E06000005,Darlington,,428029,515648,-1.56835,54.535339,197475689,107206.4017,3,UKC13,UK,Darlington,4,1,2,UKC13
6,E06000006,Halton,,354246,382146,-2.68853,53.33424,79084035.44,77771.10336,3,UKD71,UK,East Merseyside,4,1,1,UKD71
7,E06000007,Warrington,,362744,388456,-2.56167,53.391628,180627983.8,114690.8617,3,UKD61,UK,Warrington,4,1,1,UKD61
8,E06000008,Blackburn with Darwen,,369490,422806,-2.4636,53.700802,137022079.7,65284.97098,3,UKD41,UK,Blackburn with Darwen,4,1,2,UKD41
9,E06000009,Blackpool,,332819,436635,-3.02199,53.82164,34870886.46,34483.48749,3,UKD42,UK,Blackpool,4,1,1,UKD42
10,E06000010,"Kingston upon Hull, City of",,511894,431650,-0.30382,53.769199,71583611.69,64681.11951,3,UKE11,UK,"Kingston upon Hull, City of",4,1,1,UKE11
11,E06000011,East Riding of Yorkshire,,488056,443597,-0.66195,53.881119,2404995299,504148.4292,3,UKE12,UK,East Riding of Yorkshire,4,1,1,UKE12
12,E06000012,North East Lincolnshire,,523465,404564,-0.13911,53.52327,192622956.4,93248.71981,3,UKE13,UK,North and North East Lincolnshire,4,2,1,UKE13
13,E06000013,North Lincolnshire,,497800,410993,-0.52407,53.58643,846499244,244632.7688,3,UKE13,UK,North and North East Lincolnshire,4,2,1,UKE13
14,E06000014,York,,460864,452589,-1.07375,53.96582,271936983.7,101957.5939,3,UKE21,UK,York,4,2,2,UKE21
15,E06000015,Derby,,435609,335375,-1.47189,52.914639,78031124.3,50037.73553,3,UKF11,UK,Derby,4,1,3,UKF11
16,E06000016,Leicester,,458946,304594,-1.1304,52.635921,73342074.19,51932.00335,3,UKF21,UK,Leicester,4,1,3,UKF21
17,E06000017,Rutland,,492992,308655,-0.6263,52.667648,393748908.2,125885.2339,3,UKF22,UK,Leicestershire CC and Rutland,4,1,3,UKF22
18,E06000018,Nottingham,,456082,339969,-1.16667,52.954189,74613560.48,58724.23653,3,UKF14,UK,Nottingham,4,1,3,UKF14
19,E06000019,"Herefordshire, County of",,349434,242834,-2.73931,52.081539,2179709442,349889.4398,3,UKG11,UK,"Herefordshire, County of",4,3,2,UKG11
20,E06000020,Telford and Wrekin,,367035,313057,-2.48941,52.714169,290313545.2,118780.0333,3,UKG21,UK,Telford and Wrekin,4,2,3,UKG21
21,E06000021,Stoke-on-Trent,,389438,346652,-2.15888,53.017071,93448483.35,63974.629,3,UKG23,UK,Stoke-on-Trent,4,1,3,UKG23
22,E06000022,Bath and North East Somerset,,366217,161999,-2.48654,51.356041,351123213.8,141684.8142,3,UKK12,UK,"Bath and North East Somerset, North Somerset and South Gloucestershire",4,1,1,UKK12
23,E06000023,"Bristol, City of",,359990,174846,-2.57742,51.471149,109700128.7,109722.8493,3,UKK11,UK,"Bristol, City of",4,1,1,UKK11
24,E06000024,North Somerset,,347613,166719,-2.75439,51.397072,374605311,154190.8275,3,UKK12,UK,"Bath and North East Somerset, North Somerset and South Gloucestershire",4,1,1,UKK12
25,E06000025,South Gloucestershire,,367559,183198,-2.46922,51.54673,497035793.7,141498.5941,3,UKK12,UK,"Bath and North East Somerset, North Somerset and South Gloucestershire",4,1,1,UKK12
26,E06000026,Plymouth,,249945,58255,-4.11297,50.404942,79849713.72,92645.77188,3,UKK41,UK,Plymouth,4,1,1,UKK41
27,E06000027,Torbay,,289730,64613,-3.55523,50.470921,62886695.89,77911.49911,3,UKK42,UK,Torbay,4,1,1,UKK42
28,E06000030,Swindon,,418551,186564,-1.73367,51.577629,230093374.7,103014.9402,3,UKK14,UK,Swindon,4,2,2,UKK14
29,E06000031,Peterborough,,517372,300777,-0.26874,52.59214,343378151.2,112678.1247,3,UKH11,UK,Peterborough,4,1,2,UKH11
30,E06000032,Luton,,508606,222559,-0.42319,51.891022,43352491.65,34569.65312,3,UKH21,UK,Luton,4,1,2,UKH21
31,E06000033,Southend-on-Sea,,587777,186837,0.706923,51.549171,41673935.61,57783.26906,3,UKH31,UK,Southend-on-Sea,4,1,1,UKH31
32,E06000034,Thurrock,,562123,181590,0.334861,51.509979,163837048.6,115992.4665,3,UKH32,UK,Thurrock,4,1,1,UKH32
33,E06000035,Medway,,578207,175198,0.563174,51.44772,193714281.1,249509.7416,3,UKJ41,UK,Medway,4,1,1,UKJ41
34,E06000036,Bracknell Forest,,488169,168792,-0.73363,51.411301,109384210.3,62508.0775,3,UKJ11,UK,Berkshire,4,1,2,UKJ11
35,E06000037,West Berkshire,,450575,172095,-1.27364,51.445591,704169402.4,166802.0315,3,UKJ11,UK,Berkshire,4,1,2,UKJ11
36,E06000038,Reading,,470226,173154,-0.99071,51.453018,40397991.83,39330.82047,3,UKJ11,UK,Berkshire,4,1,2,UKJ11
37,E06000039,Slough,,498920,179246,-0.57617,51.503502,32542008.96,44181.3937,3,UKJ11,UK,Berkshire,4,1,2,UKJ11
38,E06000040,Windsor and Maidenhead,,492079,176541,-0.67541,51.480339,198427175.1,114829.4209,3,UKJ11,UK,Berkshire,4,1,2,UKJ11
39,E06000041,Wokingham,,476624,169902,-0.89935,51.422958,178965481,86865.90159,3,UKJ11,UK,Berkshire,4,1,2,UKJ11
40,E06000042,Milton Keynes,,486408,242308,-0.7407,52.072411,308626789.3,102960.5902,3,UKJ12,UK,Milton Keynes,4,1,3,UKJ12
41,E06000043,Brighton and Hove,,530279,106850,-0.15079,50.8465,82832958.78,59519.45694,3,UKJ21,UK,Brighton and Hove,4,1,1,UKJ21
42,E06000044,Portsmouth,,465619,101352,-1.07006,50.807999,40391212.01,61406.71967,3,UKJ31,UK,Portsmouth,4,1,1,UKJ31
43,E06000045,Southampton,,442303,113700,-1.39952,50.9212,49880646.36,61544.06196,3,UKJ32,UK,Southampton,4,1,1,UKJ32
44,E06000046,Isle of Wight,,447183,85949,-1.33366,50.671291,379614785.8,210106.2994,3,UKJ34,UK,Isle of Wight,4,2,1,UKJ34
45,E06000047,County Durham,,410381,532242,-1.8405,54.685131,2231459818,314911.2244,3,UKC14,UK,Durham CC,4,1,1,UKC14
46,E06000049,Cheshire East,,380510,363462,-2.29299,53.167931,1166357380,301225.3774,3,UKD62,UK,Cheshire East,4,1,2,UKD62
47,E06000050,Cheshire West and Chester,,353097,363145,-2.70298,53.163361,920017989.9,335615.3501,3,UKD63,UK,Cheshire West and Chester,4,1,1,UKD63
48,E06000051,Shropshire,,350227,302960,-2.73667,52.62212,3197275381,580650.6785,3,UKG22,UK,Shropshire CC,4,2,3,UKG22
49,E06000052,Cornwall,,212497,64493,-4.64254,50.450218,3548934061,1241482.937,3,UKK30,UK,Cornwall and Isles of Scilly,4,2,1,UKK30
50,E06000053,Isles of Scilly,,91327,11447,-6.30217,49.923321,16337569.42,116312.0508,3,UKK30,UK,Cornwall and Isles of Scilly,4,2,1,UKK30
51,E06000054,Wiltshire,,405209,158863,-1.92661,51.328831,3255338124,402006.9682,3,UKK15,UK,Wiltshire CC,4,2,2,UKK15
52,E06000055,Bedford,,505721,256463,-0.45463,52.196281,476408299.2,131721.2686,3,UKH24,UK,Bedford,4,1,3,UKH24
53,E06000056,Central Bedfordshire,,504615,234492,-0.47754,51.999031,715665302.2,232692.7177,3,UKH25,UK,Central Bedfordshire,4,1,3,UKH25
54,E06000057,Northumberland,,395322,600699,-2.07523,55.300369,5030751708,601230.8101,3,UKC21,UK,Northumberland,4,2,1,UKC21
55,E06000058,"Bournemouth, Christchurch and Poole",,410815,94066,-1.84807,50.74609,162070065.5,169172.2381,3,UKK21,UK,Bournemouth and Poole,4,1,1,UKK21
56,E06000059,Dorset,,370871,99796,-2.41467,50.79697,2490956587,594358.35,3,UKK22,UK,Dorset CC,4,1,1,UKK22
57,E07000004,Aylesbury Vale,,477330,223020,-0.87746,51.900372,902753224.9,243091.8273,3,UKJ13,UK,Buckinghamshire CC,4,2,2,UKJ13
58,E07000005,Chiltern,,495432,198692,-0.62112,51.678902,196348229.8,87262.67791,3,UKJ13,UK,Buckinghamshire CC,4,2,2,UKJ13
59,E07000006,South Bucks,,498198,185455,-0.58484,51.559441,141275609.1,85473.90992,3,UKJ13,UK,Buckinghamshire CC,4,2,2,UKJ13
60,E07000007,Wycombe,,482477,197052,-0.80883,51.666199,324572080.5,113202.0025,3,UKJ13,UK,Buckinghamshire CC,4,2,2,UKJ13
61,E07000008,Cambridge,,545420,257901,0.126436,52.200169,40698794.93,37170.44317,3,UKH12,UK,Cambridgeshire CC,4,2,3,UKH12
62,E07000009,East Cambridgeshire,,555576,275765,0.283149,52.35788,651286023.6,234187.9826,3,UKH12,UK,Cambridgeshire CC,4,2,3,UKH12
63,E07000010,Fenland,,536361,294959,0.009016,52.535439,546450057.4,187882.1681,3,UKH12,UK,Cambridgeshire CC,4,2,3,UKH12
64,E07000011,Huntingdonshire,,521008,274269,-0.2247,52.353149,912455239.2,223338.1334,3,UKH12,UK,Cambridgeshire CC,4,2,3,UKH12
65,E07000012,South Cambridgeshire,,543295,247586,0.091017,52.108051,901624810.5,257078.2327,3,UKH12,UK,Cambridgeshire CC,4,2,3,UKH12
66,E07000026,Allerdale,,317520,532997,-3.2809,54.685242,1258291720,326945.3569,3,UKD11,UK,West Cumbria,4,2,1,UKD11
67,E07000027,Barrow-in-Furness,,321741,474165,-3.1999,54.15731,77897001.86,146480.1866,3,UKD11,UK,West Cumbria,4,2,1,UKD11
68,E07000028,Carlisle,,348576,565154,-2.80498,54.978329,1038300029,278415.5229,3,UKD12,UK,East Cumbria,4,2,1,UKD12
69,E07000029,Copeland,,310871,508739,-3.37664,54.466171,737631222.4,252311.687,3,UKD11,UK,West Cumbria,4,2,1,UKD11
70,E07000030,Eden,,359636,526396,-2.62678,54.631069,2156474495,268725.444,3,UKD12,UK,East Cumbria,4,2,1,UKD12
71,E07000031,South Lakeland,,349265,489555,-2.78108,54.29908,1554923592,381861.9795,3,UKD12,UK,East Cumbria,4,2,1,UKD12
72,E07000032,Amber Valley,,436166,348084,-1.46219,53.028839,265437867.7,109036.5204,3,UKF13,UK,South and West Derbyshire,4,1,3,UKF13
73,E07000033,Bolsover,,448666,371548,-1.27228,53.23875,160334649.8,96239.20257,3,UKF12,UK,East Derbyshire,4,1,3,UKF12
74,E07000034,Chesterfield,,440049,373359,-1.40115,53.255749,66035290.69,52617.76725,3,UKF12,UK,East Derbyshire,4,1,3,UKF12
75,E07000035,Derbyshire Dales,,419697,358493,-1.70711,53.12326,795318063.3,245475.8466,3,UKF13,UK,South and West Derbyshire,4,1,3,UKF13
76,E07000036,Erewash,,443721,338063,-1.3509,52.938202,109630046.2,73547.56002,3,UKF13,UK,South and West Derbyshire,4,1,3,UKF13
77,E07000037,High Peak,,410474,387660,-1.84398,53.385689,540253999.8,159632.9988,3,UKF13,UK,South and West Derbyshire,4,1,3,UKF13
78,E07000038,North East Derbyshire,,437369,362955,-1.44253,53.16243,275623524.4,161243.8795,3,UKF12,UK,East Derbyshire,4,1,3,UKF12
79,E07000039,South Derbyshire,,431443,325363,-1.5348,52.824902,338126970.3,166693.2648,3,UKF13,UK,South and West Derbyshire,4,1,3,UKF13
80,E07000040,East Devon,,313790,96050,-3.22359,50.757599,814227311.2,219544.9212,3,UKK43,UK,Devon CC,4,2,1,UKK43
81,E07000041,Exeter,,293239,92005,-3.51368,50.717819,47033052.79,50238.50611,3,UKK43,UK,Devon CC,4,2,1,UKK43
82,E07000042,Mid Devon,,288064,108911,-3.59212,50.86882,912897719.7,246408.7935,3,UKK43,UK,Devon CC,4,2,1,UKK43
83,E07000043,North Devon,,265110,132532,-3.92691,51.07621,1085857679,308999.6361,3,UKK43,UK,Devon CC,4,2,1,UKK43
84,E07000044,South Hams,,270676,54036,-3.81996,50.371948,886510071.7,478364.8261,3,UKK43,UK,Devon CC,4,2,1,UKK43
85,E07000045,Teignbridge,,283144,80205,-3.65289,50.60981,673770657,191464.0279,3,UKK43,UK,Devon CC,4,2,1,UKK43
86,E07000046,Torridge,,244206,114334,-4.21728,50.907391,985293648.6,315627.9071,3,UKK43,UK,Devon CC,4,2,1,UKK43
87,E07000047,West Devon,,256376,86999,-4.03361,50.66489,1161107061,254068.3779,3,UKK43,UK,Devon CC,4,2,1,UKK43
88,E07000061,Eastbourne,,559339,99575,0.258516,50.773869,44161432.48,38032.28104,3,UKJ22,UK,East Sussex CC,4,2,1,UKJ22
89,E07000062,Hastings,,581528,110694,0.578395,50.867241,29796092,34102.10755,3,UKJ22,UK,East Sussex CC,4,2,1,UKJ22
90,E07000063,Lewes,,541474,105686,0.007671,50.833408,292106798.6,168359.9131,3,UKJ22,UK,East Sussex CC,4,2,1,UKJ22
91,E07000064,Rother,,578721,119666,0.542937,50.948711,511753820.1,180531.9641,3,UKJ22,UK,East Sussex CC,4,2,1,UKJ22
92,E07000065,Wealden,,555048,117180,0.205156,50.93322,834948417.6,225878.1038,3,UKJ22,UK,East Sussex CC,4,2,1,UKJ22
93,E07000066,Basildon,,571548,190848,0.475055,51.590359,110001023.7,85631.2105,3,UKH37,UK,Essex Thames Gateway,4,1,1,UKH37
94,E07000067,Braintree,,577253,227335,0.575911,51.91634,611707973.5,168686.4359,3,UKH34,UK,Essex Haven Gateway,4,2,1,UKH34
95,E07000068,Brentwood,,558560,196070,0.290091,51.641079,153124048.3,72339.49998,3,UKH36,UK,Heart of Essex,4,1,1,UKH36
96,E07000069,Castle Point,,579490,187920,0.588084,51.561588,44673525.29,163452.2314,3,UKH37,UK,Essex Thames Gateway,4,1,1,UKH37
97,E07000070,Chelmsford,,572116,206972,0.491177,51.735031,342227520.5,126395.5503,3,UKH36,UK,Heart of Essex,4,1,1,UKH36
98,E07000071,Colchester,,596944,223693,0.859777,51.877022,332325214.7,318168.3114,3,UKH34,UK,Essex Haven Gateway,4,2,1,UKH34
99,E07000072,Epping Forest,,548919,203758,0.154147,51.712791,338984123.9,123273.1978,3,UKH35,UK,West Essex,4,2,2,UKH35
100,E07000073,Harlow,,545276,209589,0.103888,51.76614,30537916.29,28515.4568,3,UKH35,UK,West Essex,4,2,2,UKH35
101,E07000074,Maldon,,591413,212072,0.773106,51.774578,357815660.3,469757.8953,3,UKH36,UK,Heart of Essex,4,1,1,UKH36
102,E07000075,Rochford,,585979,191417,0.683442,51.5909,167274180.8,232955.6326,3,UKH37,UK,Essex Thames Gateway,4,1,1,UKH37
103,E07000076,Tendring,,614190,222141,1.108981,51.856739,336295380.4,442501.365,3,UKH34,UK,Essex Haven Gateway,4,2,1,UKH34
104,E07000077,Uttlesford,,557832,228865,0.294485,51.935921,641182922.7,166507.8653,3,UKH35,UK,West Essex,4,2,2,UKH35
105,E07000078,Cheltenham,,394925,222232,-2.07515,51.898609,46596069.22,38231.06396,3,UKK13,UK,Gloucestershire,4,2,1,UKK13
106,E07000079,Cotswold,,402125,208209,-1.97059,51.772549,1164524415,332445.3241,3,UKK13,UK,Gloucestershire,4,2,1,UKK13
107,E07000080,Forest of Dean,,367175,212759,-2.47755,51.812489,525899257.7,190005.2782,3,UKK13,UK,Gloucestershire,4,2,1,UKK13
108,E07000081,Gloucester,,384071,216449,-2.23263,51.846409,40553089.27,33539.68437,3,UKK13,UK,Gloucestershire,4,2,1,UKK13
109,E07000082,Stroud,,378807,202410,-2.30818,51.720009,460541975.2,172782.1929,3,UKK13,UK,Gloucestershire,4,2,1,UKK13
110,E07000083,Tewkesbury,,386347,226279,-2.19998,51.934849,414414321.1,204835.9337,3,UKK13,UK,Gloucestershire,4,2,1,UKK13
111,E07000084,Basingstoke and Deane,,454508,151423,-1.22021,51.259369,633817172,143437.3842,3,UKJ37,UK,North Hampshire,4,1,2,UKJ37
112,E07000085,East Hampshire,,474404,129237,-0.93971,51.057652,514432074.9,144540.7915,3,UKJ36,UK,Central Hampshire,4,1,1,UKJ36
113,E07000086,Eastleigh,,447202,116802,-1.32943,50.948719,79678662.39,75889.88859,3,UKJ35,UK,South Hampshire,4,1,1,UKJ35
114,E07000087,Fareham,,453774,106319,-1.23742,50.853882,74260060.1,66504.85945,3,UKJ35,UK,South Hampshire,4,1,1,UKJ35
115,E07000088,Gosport,,458769,101088,-1.16731,50.806358,25373863.81,40199.04739,3,UKJ35,UK,South Hampshire,4,1,1,UKJ35
116,E07000089,Hart,,477985,154240,-0.88321,51.281971,215265080.3,77847.82955,3,UKJ37,UK,North Hampshire,4,1,2,UKJ37
117,E07000090,Havant,,470178,108564,-1.00398,50.872311,55739600.05,115626.1702,3,UKJ35,UK,South Hampshire,4,1,1,UKJ35
118,E07000091,New Forest,,428748,106521,-1.59293,50.857479,752175262.3,332044.0233,3,UKJ36,UK,Central Hampshire,4,1,1,UKJ36
119,E07000092,Rushmoor,,486022,153944,-0.76807,51.278149,39045039.76,31893.0015,3,UKJ37,UK,North Hampshire,4,1,2,UKJ37
120,E07000093,Test Valley,,434930,137329,-1.50214,51.134171,627595190.7,190816.3526,3,UKJ36,UK,Central Hampshire,4,1,1,UKJ36
121,E07000094,Winchester,,453115,125901,-1.24393,51.030022,660970090.9,172158.2122,3,UKJ36,UK,Central Hampshire,4,1,1,UKJ36
122,E07000095,Broxbourne,,534742,204251,-0.05073,51.720798,51442303.6,39068.74579,3,UKH23,UK,Hertfordshire,4,1,2,UKH23
123,E07000096,Dacorum,,500084,208745,-0.55098,51.768452,212476397.7,110103.8309,3,UKH23,UK,Hertfordshire,4,1,2,UKH23
124,E07000098,Hertsmere,,519774,199352,-0.26899,51.680168,101128162.7,61228.16385,3,UKH23,UK,Hertfordshire,4,1,2,UKH23
125,E07000099,North Hertfordshire,,522192,230256,-0.22314,51.957378,375382315.8,168316.8264,3,UKH23,UK,Hertfordshire,4,1,2,UKH23
126,E07000102,Three Rivers,,507313,196418,-0.45005,51.656319,88824172.12,74112.6324,3,UKH23,UK,Hertfordshire,4,1,2,UKH23
127,E07000103,Watford,,510441,198197,-0.40429,51.6717,21430351.4,26392.36379,3,UKH23,UK,Hertfordshire,4,1,2,UKH23
128,E07000105,Ashford,,597640,140644,0.823374,51.130959,580617312.7,149446.4911,3,UKJ45,UK,Mid Kent,4,2,2,UKJ45
129,E07000106,Canterbury,,616032,158096,1.096342,51.281021,308752567.2,134481.8789,3,UKJ44,UK,East Kent,4,1,1,UKJ44
130,E07000107,Dartford,,556167,172917,0.245276,51.433731,72725577.09,57309.40613,3,UKJ43,UK,Kent Thames Gateway,4,1,1,UKJ43
131,E07000108,Dover,,628964,150942,1.276887,51.211761,315337967,148160.8896,3,UKJ44,UK,East Kent,4,1,1,UKJ44
132,E07000109,Gravesham,,566969,169114,0.398744,51.396488,98991345.03,60516.79916,3,UKJ43,UK,Kent Thames Gateway,4,1,1,UKJ43
133,E07000110,Maidstone,,580489,151670,0.584061,51.235661,393329520.9,122980.7305,3,UKJ45,UK,Mid Kent,4,2,2,UKJ45
134,E07000111,Sevenoaks,,552776,155218,0.188936,51.275631,370346872.1,134435.5149,3,UKJ46,UK,West Kent,4,2,1,UKJ46
135,E07000112,Folkestone and Hythe,,610318,134595,1.000795,51.072128,356921037.6,148969.5845,3,UKJ44,UK,East Kent,4,1,1,UKJ44
136,E07000113,Swale,,593583,161818,0.776893,51.32251,373436671.3,347838.1235,3,UKJ43,UK,Kent Thames Gateway,4,1,1,UKJ43
137,E07000114,Thanet,,631839,166752,1.328226,51.35252,103609165.9,65350.76924,3,UKJ44,UK,East Kent,4,1,1,UKJ44
138,E07000115,Tonbridge and Malling,,564014,153898,0.349306,51.260639,240114268.8,133211.4018,3,UKJ46,UK,West Kent,4,2,1,UKJ46
139,E07000116,Tunbridge Wells,,573139,136599,0.471632,51.102539,331328854.7,150590.455,3,UKJ46,UK,West Kent,4,2,1,UKJ46
140,E07000117,Burnley,,384886,430882,-2.2308,53.774059,110684000.2,57764.57058,3,UKD46,UK,East Lancashire,4,1,2,UKD46
141,E07000118,Chorley,,359189,419724,-2.61921,53.672401,202762137.8,114515.9191,3,UKD47,UK,Chorley and West Lancashire,4,1,1,UKD47
142,E07000119,Fylde,,339554,433811,-2.91914,53.797089,165696809.3,138118.5757,3,UKD45,UK,Mid Lancashire,4,1,1,UKD45
143,E07000120,Hyndburn,,374407,428971,-2.38964,53.756481,72997474.39,42655.49111,3,UKD46,UK,East Lancashire,4,1,2,UKD46
144,E07000121,Lancaster,,356896,464988,-2.6603,54.07901,566935933.5,345349.7536,3,UKD44,UK,Lancaster and Wyre,4,1,1,UKD44
145,E07000122,Pendle,,387637,443368,-2.18957,53.88636,169380092.2,79243.80772,3,UKD46,UK,East Lancashire,4,1,2,UKD46
146,E07000123,Preston,,352825,436432,-2.71809,53.822021,142284180.5,82804.97191,3,UKD45,UK,Mid Lancashire,4,1,1,UKD45
147,E07000124,Ribble Valley,,372687,447676,-2.4174,53.9245,584471489.1,150499.9861,3,UKD45,UK,Mid Lancashire,4,1,1,UKD45
148,E07000125,Rossendale,,382827,420955,-2.26149,53.68478,138040909.3,71149.80481,3,UKD46,UK,East Lancashire,4,1,2,UKD46
149,E07000126,South Ribble,,352017,425840,-2.72871,53.726749,113141865.9,105352.2006,3,UKD45,UK,Mid Lancashire,4,1,1,UKD45
150,E07000127,West Lancashire,,342611,413270,-2.86893,53.612831,346632973.1,227324.7913,3,UKD47,UK,Chorley and West Lancashire,4,1,1,UKD47
151,E07000128,Wyre,,347295,445159,-2.80359,53.89991,282164815.2,212730.867,3,UKD44,UK,Lancaster and Wyre,4,1,1,UKD44
152,E07000129,Blaby,,454385,297994,-1.19887,52.577061,130468676.9,100819.9669,3,UKF22,UK,Leicestershire CC and Rutland,4,1,3,UKF22
153,E07000130,Charnwood,,458365,316155,-1.13694,52.739899,279042271.3,115474.3909,3,UKF22,UK,Leicestershire CC and Rutland,4,1,3,UKF22
154,E07000131,Harborough,,474549,293875,-0.90229,52.537659,592692049.7,185950.912,3,UKF22,UK,Leicestershire CC and Rutland,4,1,3,UKF22
155,E07000132,Hinckley and Bosworth,,439538,301379,-1.41755,52.608768,297351486.8,111546.3025,3,UKF22,UK,Leicestershire CC and Rutland,4,1,3,UKF22
156,E07000133,Melton,,477328,323472,-0.8544,52.803291,481380515.2,140629.641,3,UKF22,UK,Leicestershire CC and Rutland,4,1,3,UKF22
157,E07000134,North West Leicestershire,,439111,316252,-1.42209,52.7425,279328072.7,116453.2039,3,UKF22,UK,Leicestershire CC and Rutland,4,1,3,UKF22
158,E07000135,Oadby and Wigston,,461543,299379,-1.093,52.588749,23526096.69,31172.03119,3,UKF22,UK,Leicestershire CC and Rutland,4,1,3,UKF22
159,E07000136,Boston,,526851,343953,-0.11218,52.97794,364889918.6,156197.4473,3,UKF30,UK,Lincolnshire,4,2,1,UKF30
160,E07000137,East Lindsey,,534861,376064,0.020516,53.264462,1766773254,373207.4844,3,UKF30,UK,Lincolnshire,4,2,1,UKF30
161,E07000138,Lincoln,,496347,370096,-0.55848,53.219212,35690272.57,32969.8766,3,UKF30,UK,Lincolnshire,4,2,1,UKF30
162,E07000139,North Kesteven,,502135,354788,-0.4767,53.080582,922471388.5,181807.8595,3,UKF30,UK,Lincolnshire,4,2,1,UKF30
163,E07000140,South Holland,,532909,322928,-0.03058,52.787579,750908591.7,198138.7716,3,UKF30,UK,Lincolnshire,4,2,1,UKF30
164,E07000141,South Kesteven,,501406,328986,-0.49565,52.84885,942585797.7,209816.5203,3,UKF30,UK,Lincolnshire,4,2,1,UKF30
165,E07000142,West Lindsey,,499314,390326,-0.50774,53.40044,1155731960,249630.8564,3,UKF30,UK,Lincolnshire,4,2,1,UKF30
166,E07000143,Breckland,,591015,303330,0.818716,52.594212,1305116639,239527.7536,3,UKH17,UK,Breckland and South Norfolk,4,3,2,UKH17
167,E07000144,Broadland,,619864,315909,1.252317,52.69622,552060636.3,219128.2404,3,UKH15,UK,Norwich and East Norfolk,4,1,1,UKH15
168,E07000145,Great Yarmouth,,646761,315881,1.64951,52.684391,174330776.4,145970.7433,3,UKH15,UK,Norwich and East Norfolk,4,1,1,UKH15
169,E07000146,King's Lynn and West Norfolk,,571219,315805,0.533243,52.71283,1439480389,694956.727,3,UKH16,UK,North and West Norfolk,4,3,1,UKH16
170,E07000147,North Norfolk,,611076,330857,1.132099,52.833889,967553236.5,600214.3497,3,UKH16,UK,North and West Norfolk,4,3,1,UKH16
171,E07000148,Norwich,,622355,309773,1.284979,52.640129,39021966.31,52686.63071,3,UKH15,UK,Norwich and East Norfolk,4,1,1,UKH15
172,E07000149,South Norfolk,,628990,295823,1.373233,52.51218,907576579.8,266872.6684,3,UKH17,UK,Breckland and South Norfolk,4,3,2,UKH17
173,E07000150,Corby,,487862,290681,-0.7069,52.506969,80280903.14,66291.63153,3,UKF25,UK,North Northamptonshire,4,1,3,UKF25
174,E07000151,Daventry,,467286,268437,-1.01447,52.30994,665600468.9,181982.945,3,UKF24,UK,West Northamptonshire,4,2,3,UKF24
175,E07000152,East Northamptonshire,,501344,287839,-0.5092,52.479092,509787257.6,163229.12,3,UKF25,UK,North Northamptonshire,4,1,3,UKF25
176,E07000153,Kettering,,483866,282852,-0.76773,52.437229,233489923.7,100689.5011,3,UKF25,UK,North Northamptonshire,4,1,3,UKF25
177,E07000154,Northampton,,476495,260539,-0.88121,52.237751,80771938.79,46341.52443,3,UKF24,UK,West Northamptonshire,4,2,3,UKF24
178,E07000155,South Northamptonshire,,463000,247077,-1.08129,52.118439,634023185.1,225304.9889,3,UKF24,UK,West Northamptonshire,4,2,3,UKF24
179,E07000156,Wellingborough,,487787,266827,-0.71425,52.29258,163036490.5,69758.41946,3,UKF25,UK,North Northamptonshire,4,1,3,UKF25
180,E07000163,Craven,,389513,461989,-2.16168,54.053761,1178807442,199883.7698,3,UKE22,UK,North Yorkshire CC,4,2,1,UKE22
181,E07000164,Hambleton,,443009,490546,-1.34049,54.30872,1311228140,298519.898,3,UKE22,UK,North Yorkshire CC,4,2,1,UKE22
182,E07000165,Harrogate,,427473,464652,-1.58161,54.07708,1309127593,246964.6243,3,UKE22,UK,North Yorkshire CC,4,2,1,UKE22
183,E07000166,Richmondshire,,401039,495786,-1.98552,54.357609,1318707276,221710.0716,3,UKE22,UK,North Yorkshire CC,4,2,1,UKE22
184,E07000167,Ryedale,,475590,478890,-0.84277,54.200211,1506593777,249894.2931,3,UKE22,UK,North Yorkshire CC,4,2,1,UKE22
185,E07000168,Scarborough,,495798,495548,-0.52778,54.3465,816188420.9,241939.7456,3,UKE22,UK,North Yorkshire CC,4,2,1,UKE22
186,E07000169,Selby,,457551,426670,-1.12908,53.733269,599310809.4,264869.3019,3,UKE22,UK,North Yorkshire CC,4,2,1,UKE22
187,E07000170,Ashfield,,450035,355843,-1.25422,53.097469,109557941.1,69174.84942,3,UKF15,UK,North Nottinghamshire,4,1,2,UKF15
188,E07000171,Bassetlaw,,468073,384835,-0.9787,53.356041,637803646.2,159734.7776,3,UKF15,UK,North Nottinghamshire,4,1,2,UKF15
189,E07000172,Broxtowe,,449829,341893,-1.25944,52.972099,80098837.13,65999.8328,3,UKF16,UK,South Nottinghamshire,4,1,3,UKF16
190,E07000173,Gedling,,459184,347811,-1.11907,53.024342,119981505,69754.67376,3,UKF16,UK,South Nottinghamshire,4,1,3,UKF16
191,E07000174,Mansfield,,455047,363637,-1.17804,53.16703,76696898.59,51090.85716,3,UKF15,UK,North Nottinghamshire,4,1,2,UKF15
192,E07000175,Newark and Sherwood,,470624,357451,-0.94643,53.1096,651340472.1,187422.5239,3,UKF15,UK,North Nottinghamshire,4,1,2,UKF15
193,E07000176,Rushcliffe,,466606,335453,-1.01097,52.912399,409231535.3,123324.4327,3,UKF16,UK,South Nottinghamshire,4,1,3,UKF16
194,E07000177,Cherwell,,449301,221201,-1.28506,51.887199,588741170.2,225626.5543,3,UKJ14,UK,Oxfordshire,4,2,3,UKJ14
195,E07000178,Oxford,,452277,206368,-1.24405,51.753571,45602912.68,34999.65522,3,UKJ14,UK,Oxfordshire,4,2,3,UKJ14
196,E07000179,South Oxfordshire,,463890,191964,-1.07847,51.622879,678521428.3,205400.2265,3,UKJ14,UK,Oxfordshire,4,2,3,UKJ14
197,E07000180,Vale of White Horse,,435693,195197,-1.48543,51.65443,578660264.1,175977.2028,3,UKJ14,UK,Oxfordshire,4,2,3,UKJ14
198,E07000181,West Oxfordshire,,434343,215816,-1.50292,51.839901,714422027.1,160247.8976,3,UKJ14,UK,Oxfordshire,4,2,3,UKJ14
199,E07000187,Mendip,,362238,144090,-2.54178,51.194759,739435423.6,198850.0774,3,UKK23,UK,Somerset,4,2,1,UKK23
200,E07000188,Sedgemoor,,338429,143998,-2.88246,51.19186,564543642.9,242134.2872,3,UKK23,UK,Somerset,4,2,1,UKK23
201,E07000189,South Somerset,,345633,120798,-2.77588,50.98399,959040237.3,241317.0512,3,UKK23,UK,Somerset,4,2,1,UKK23
202,E07000192,Cannock Chase,,401261,311553,-1.98277,52.70166,78882570.49,50127.60445,3,UKG24,UK,Staffordshire CC,4,1,3,UKG24
203,E07000193,East Staffordshire,,412601,326569,-1.81438,52.83651,389987162.1,183696.3968,3,UKG24,UK,Staffordshire CC,4,1,3,UKG24
204,E07000194,Lichfield,,416283,310967,-1.76049,52.696152,331294334,127468.4067,3,UKG24,UK,Staffordshire CC,4,1,3,UKG24
205,E07000195,Newcastle-under-Lyme,,378199,345174,-2.32631,53.003448,210957319.4,108259.2866,3,UKG24,UK,Staffordshire CC,4,1,3,UKG24
206,E07000196,South Staffordshire,,389625,311037,-2.15495,52.696918,407322253.4,184894.3395,3,UKG24,UK,Staffordshire CC,4,1,3,UKG24
207,E07000197,Stafford,,389001,327836,-2.16475,52.847919,598172233.4,159078.8066,3,UKG24,UK,Staffordshire CC,4,1,3,UKG24
208,E07000198,Staffordshire Moorlands,,400543,352443,-1.99334,53.069241,575849820.8,152448.1853,3,UKG24,UK,Staffordshire CC,4,1,3,UKG24
209,E07000199,Tamworth,,421455,302550,-1.68451,52.620312,30850716.19,30730.06254,3,UKG24,UK,Staffordshire CC,4,1,3,UKG24
210,E07000200,Babergh,,599987,244692,0.916149,52.064499,595116563.8,210447.8222,3,UKH14,UK,Suffolk,4,2,1,UKH14
211,E07000202,Ipswich,,617161,244456,1.166145,52.05592,39509794.64,45342.34182,3,UKH14,UK,Suffolk,4,2,1,UKH14
212,E07000203,Mid Suffolk,,611646,262338,1.096953,52.21859,871070645.7,191154.6732,3,UKH14,UK,Suffolk,4,2,1,UKH14
213,E07000207,Elmbridge,,511882,163658,-0.39441,51.360981,96334275.39,52206.12637,3,UKJ25,UK,West Surrey,4,1,2,UKJ25
214,E07000208,Epsom and Ewell,,521176,161475,-0.26172,51.339451,34079152.96,28503.70086,3,UKJ26,UK,East Surrey,4,1,2,UKJ26
215,E07000209,Guildford,,500408,151481,-0.56257,51.253658,270931189.7,128414.4964,3,UKJ25,UK,West Surrey,4,1,2,UKJ25
216,E07000210,Mole Valley,,518377,148953,-0.30603,51.227489,258320953.5,105403.1788,3,UKJ26,UK,East Surrey,4,1,2,UKJ26
217,E07000211,Reigate and Banstead,,525786,152574,-0.19871,51.258461,129143925.1,79923.6802,3,UKJ26,UK,East Surrey,4,1,2,UKJ26
218,E07000212,Runnymede,,501777,166979,-0.53855,51.392731,78040686.18,45677.40928,3,UKJ25,UK,West Surrey,4,1,2,UKJ25
219,E07000213,Spelthorne,,507012,169622,-0.46254,51.41552,51161362.54,44134.5376,3,UKJ25,UK,West Surrey,4,1,2,UKJ25
220,E07000214,Surrey Heath,,491362,160483,-0.68986,51.336102,95092959.17,53559.72417,3,UKJ25,UK,West Surrey,4,1,2,UKJ25
221,E07000215,Tandridge,,536365,150325,-0.04805,51.235809,248194569.4,83136.90281,3,UKJ26,UK,East Surrey,4,1,2,UKJ26
222,E07000216,Waverley,,496363,140635,-0.62343,51.15686,345170236.7,125436.0563,3,UKJ25,UK,West Surrey,4,1,2,UKJ25
223,E07000217,Woking,,499087,157542,-0.57982,51.308369,63603603.84,54781.5016,3,UKJ25,UK,West Surrey,4,1,2,UKJ25
224,E07000218,North Warwickshire,,425570,296399,-1.6242,52.564838,284261503.6,113230.6027,3,UKG13,UK,Warwickshire,4,1,3,UKG13
225,E07000219,Nuneaton and Bedworth,,435419,289352,-1.47965,52.500938,78950291.82,48148.70911,3,UKG13,UK,Warwickshire,4,1,3,UKG13
226,E07000220,Rugby,,446498,276244,-1.31828,52.382278,353557281.1,115093.6519,3,UKG13,UK,Warwickshire,4,1,3,UKG13
227,E07000221,Stratford-on-Avon,,425019,251536,-1.63565,52.161541,977869054.9,261384.0871,3,UKG13,UK,Warwickshire,4,1,3,UKG13
228,E07000222,Warwick,,428484,267113,-1.58369,52.301418,282882321,116717.4793,3,UKG13,UK,Warwickshire,4,1,3,UKG13
229,E07000223,Adur,,518076,106472,-0.32417,50.845718,42065495.87,60515.70485,3,UKJ27,UK,West Sussex (South West),4,1,1,UKJ27
230,E07000224,Arun,,495144,105723,-0.64999,50.843208,220991201.5,156498.0642,3,UKJ27,UK,West Sussex (South West),4,1,1,UKJ27
231,E07000225,Chichester,,490285,116600,-0.7163,50.941769,786194870.3,297274.7863,3,UKJ27,UK,West Sussex (South West),4,1,1,UKJ27
232,E07000226,Crawley,,526390,137581,-0.19533,51.123569,44971204.97,38799.72328,3,UKJ28,UK,West Sussex (North East),4,1,2,UKJ28
233,E07000227,Horsham,,513674,123840,-0.38126,51.00272,530278363.7,215760.177,3,UKJ28,UK,West Sussex (North East),4,1,2,UKJ28
234,E07000228,Mid Sussex,,533054,130623,-0.10272,51.059528,334029222.4,132912.3734,3,UKJ28,UK,West Sussex (North East),4,1,2,UKJ28
235,E07000229,Worthing,,512679,104948,-0.40127,50.833099,32521007.8,29462.13904,3,UKJ27,UK,West Sussex (South West),4,1,1,UKJ27
236,E07000234,Bromsgrove,,399840,273736,-2.00376,52.361691,216968481.1,113135.4467,3,UKG12,UK,Worcestershire,4,2,3,UKG12
237,E07000235,Malvern Hills,,377465,252197,-2.33089,52.16758,577070981.9,230605.7572,3,UKG12,UK,Worcestershire,4,2,3,UKG12
238,E07000236,Redditch,,403705,265253,-1.9471,52.285412,54250912.07,41301.81906,3,UKG12,UK,Worcestershire,4,2,3,UKG12
239,E07000237,Worcester,,385725,255196,-2.21025,52.19482,33278124.87,31263.06634,3,UKG12,UK,Worcestershire,4,2,3,UKG12
240,E07000238,Wychavon,,398991,247839,-2.01614,52.12886,663541973.7,219520.1515,3,UKG12,UK,Worcestershire,4,2,3,UKG12
241,E07000239,Wyre Forest,,384106,276388,-2.23494,52.3853,195403719.2,100867.3839,3,UKG12,UK,Worcestershire,4,2,3,UKG12
242,E07000240,St Albans,,514580,209623,-0.3407,51.77356,161205874.1,72946.34159,3,UKH23,UK,Hertfordshire,4,1,2,UKH23
243,E07000241,Welwyn Hatfield,,525345,208467,-0.18518,51.760872,129536895.7,82392.05965,3,UKH23,UK,Hertfordshire,4,1,2,UKH23
244,E07000242,East Hertfordshire,,537995,220370,0.002739,51.864849,475669102,135188.2792,3,UKH23,UK,Hertfordshire,4,1,2,UKH23
245,E07000243,Stevenage,,524622,224531,-0.18987,51.905392,25969241.28,28588.26136,3,UKH23,UK,Hertfordshire,4,1,2,UKH23
246,E07000244,East Suffolk,,636043,266272,1.456186,52.243992,1260989610,584787.509,3,UKH14,UK,Suffolk,4,2,1,UKH14
247,E07000245,West Suffolk,,580944,271124,0.652769,52.308418,1034675785,274547.7797,3,UKH14,UK,Suffolk,4,2,1,UKH14
248,E07000246,Somerset West and Taunton,,304960,130228,-3.35766,51.06348,1189084337,288674.5388,3,UKK23,UK,Somerset,4,2,1,UKK23
249,E08000001,Bolton,,368352,409873,-2.47952,53.584492,139792042.6,82647.15773,3,UKD36,UK,Greater Manchester North West,4,1,2,UKD36
250,E08000002,Bury,,379658,410768,-2.3088,53.593102,99460126.9,68541.75979,3,UKD37,UK,Greater Manchester North East,4,1,2,UKD37
251,E08000003,Manchester,,384591,397063,-2.23359,53.470089,115648208.6,86851.09016,3,UKD33,UK,Manchester,4,1,2,UKD33
252,E08000004,Oldham,,396603,406784,-2.05274,53.557678,142344917.3,71165.73154,3,UKD37,UK,Greater Manchester North East,4,1,2,UKD37
253,E08000005,Rochdale,,390315,412326,-2.14784,53.60741,158128175.1,82713.15473,3,UKD37,UK,Greater Manchester North East,4,1,2,UKD37
254,E08000006,Salford,,374556,398128,-2.38485,53.479271,97197278.83,63268.79412,3,UKD34,UK,Greater Manchester South West,4,1,2,UKD34
255,E08000007,Stockport,,391806,388264,-2.12467,53.391159,126040311.1,73638.72024,3,UKD35,UK,Greater Manchester South East,4,1,2,UKD35
256,E08000008,Tameside,,394987,397995,-2.077,53.478668,103154292.4,55989.07527,3,UKD35,UK,Greater Manchester South East,4,1,2,UKD35
257,E08000009,Trafford,,375790,391162,-2.36572,53.41671,106044771.8,60712.77777,3,UKD34,UK,Greater Manchester South West,4,1,2,UKD34
258,E08000010,Wigan,,362136,402126,-2.57247,53.51445,188171013,88690.4959,3,UKD36,UK,Greater Manchester North West,4,1,2,UKD36
259,E08000011,Knowsley,,344762,393778,-2.83297,53.437881,86500060.76,68167.36916,3,UKD71,UK,East Merseyside,4,1,1,UKD71
260,E08000012,Liverpool,,339361,390553,-2.91364,53.408298,111835572.3,62699.75114,3,UKD72,UK,Liverpool,4,1,1,UKD72
261,E08000013,St. Helens,,353412,395992,-2.7031,53.458618,136358793,76387.03584,3,UKD71,UK,East Merseyside,4,1,1,UKD71
262,E08000014,Sefton,,334282,398832,-2.99177,53.482101,156578243.8,130345.9016,3,UKD73,UK,Sefton,4,1,1,UKD73
263,E08000015,Wirral,,329110,386965,-3.06701,53.374779,160922014.3,133924.4631,3,UKD74,UK,Wirral,4,1,1,UKD74
264,E08000016,Barnsley,,429979,403327,-1.54925,53.525768,329077594.6,126421.1418,3,UKE31,UK,"Barnsley, Doncaster and Rotherham",4,1,2,UKE31
265,E08000017,Doncaster,,459167,403735,-1.10894,53.52697,568022257.3,171070.3348,3,UKE31,UK,"Barnsley, Doncaster and Rotherham",4,1,2,UKE31
266,E08000018,Rotherham,,447542,388980,-1.28651,53.395531,286534367.6,106151.9642,3,UKE31,UK,"Barnsley, Doncaster and Rotherham",4,1,2,UKE31
267,E08000019,Sheffield,,430511,389736,-1.54254,53.40358,367930014.6,132837.2992,3,UKE32,UK,Sheffield,4,1,2,UKE32
268,E08000021,Newcastle upon Tyne,,422287,569662,-1.65297,55.021011,113461462.9,65210.17313,3,UKC22,UK,Tyneside,4,1,1,UKC22
269,E08000022,North Tyneside,,431471,570602,-1.50923,55.028961,82313734.69,65337.78108,3,UKC22,UK,Tyneside,4,1,1,UKC22
270,E08000023,South Tyneside,,435514,564057,-1.44679,54.969879,64428423.68,51370.49617,3,UKC22,UK,Tyneside,4,1,1,UKC22
271,E08000024,Sunderland,,436470,551524,-1.43344,54.857189,137441171.4,99737.4118,3,UKC23,UK,Sunderland,4,1,1,UKC23
272,E08000025,Birmingham,,408150,287352,-1.88141,52.484039,267791059.9,106260.7202,3,UKG31,UK,Birmingham,4,1,3,UKG31
273,E08000026,Coventry,,432807,279689,-1.51908,52.41423,98639059.79,54057.38131,3,UKG33,UK,Coventry,4,1,3,UKG33
274,E08000027,Dudley,,393191,288584,-2.10171,52.495129,97958242.97,75382.32965,3,UKG36,UK,Dudley,4,1,3,UKG36
275,E08000028,Sandwell,,399573,290764,-2.00771,52.514771,85558928.16,59211.00305,3,UKG37,UK,Sandwell,4,1,3,UKG37
276,E08000029,Solihull,,419434,281483,-1.71558,52.431,178282115.9,101031.4487,3,UKG32,UK,Solihull,4,1,3,UKG32
277,E08000030,Walsall,,402098,300804,-1.97044,52.60503,103973538.3,59401.17943,3,UKG38,UK,Walsall,4,1,3,UKG38
278,E08000031,Wolverhampton,,391463,300016,-2.12746,52.597881,69436711.83,56054.91438,3,UKG39,UK,Wolverhampton,4,1,3,UKG39
279,E08000032,Bradford,,408395,438626,-1.87389,53.843819,366419742,135920.6132,3,UKE41,UK,Bradford,4,1,3,UKE41
280,E08000033,Calderdale,,402617,424896,-1.96182,53.720482,363960989.5,107687.4581,3,UKE44,UK,Calderdale and Kirklees,4,1,3,UKE44
281,E08000034,Kirklees,,414586,416223,-1.78085,53.64233,408551664.1,125668.5314,3,UKE44,UK,Calderdale and Kirklees,4,1,3,UKE44
282,E08000035,Leeds,,432528,436384,-1.50736,53.822731,551706537.4,161521.9092,3,UKE42,UK,Leeds,4,1,2,UKE42
283,E08000036,Wakefield,,438366,418235,-1.42092,53.659222,338619733.2,109447.3563,3,UKE45,UK,Wakefield,4,1,2,UKE45
284,E08000037,Gateshead,,420168,559658,-1.6868,54.931198,142369113.7,90476.8264,3,UKC22,UK,Tyneside,4,1,1,UKC22
285,E09000001,City of London,,532381,181359,-0.09353,51.515652,2892405.365,9365.482159,3,UKI31,UK,Camden and City of London,4,1,1,UKI31
286,E09000002,Barking and Dagenham,,547757,185111,0.129479,51.545551,36099579.35,40848.92621,3,UKI52,UK,Barking & Dagenham and Havering,4,1,1,UKI52
287,E09000003,Barnet,,523472,191753,-0.21821,51.61108,86748323.84,50818.56402,3,UKI71,UK,Barnet,4,1,2,UKI71
288,E09000004,Bexley,,549203,175435,0.146227,51.458229,60569006.59,47929.78125,3,UKI51,UK,Bexley and Greenwich,4,1,1,UKI51
289,E09000005,Brent,,519615,186468,-0.27568,51.564411,43232647.41,38334.1081,3,UKI72,UK,Brent,4,1,2,UKI72
290,E09000006,Bromley,,542036,165708,0.039246,51.372669,150134859.4,76164.24257,3,UKI61,UK,Bromley,4,1,2,UKI61
291,E09000007,Camden,,527492,184284,-0.16289,51.54306,21789299.88,26150.81838,3,UKI31,UK,Camden and City of London,4,1,1,UKI31
292,E09000008,Croydon,,533922,164745,-0.07761,51.365978,86494438.88,58703.92437,3,UKI62,UK,Croydon,4,1,2,UKI62
293,E09000009,Ealing,,517057,181960,-0.31407,51.524429,55544347.22,47439.02631,3,UKI73,UK,Ealing,4,1,2,UKI73
294,E09000010,Enfield,,532829,196197,-0.08147,51.64888,82200189.55,41064.64929,3,UKI54,UK,Enfield,4,1,2,UKI54
295,E09000011,Greenwich,,542508,175878,0.050107,51.463928,47312188.61,47659.90554,3,UKI51,UK,Bexley and Greenwich,4,1,1,UKI51
296,E09000012,Hackney,,534560,185787,-0.06045,51.55492,19049030.35,25382.81556,3,UKI41,UK,Hackney and Newham,4,1,1,UKI41
297,E09000013,Hammersmith and Fulham,,523867,177993,-0.21735,51.487331,16403659.32,23974.24457,3,UKI33,UK,Kensington & Chelsea and Hammersmith & Fulham,4,1,1,UKI33
298,E09000014,Haringey,,531262,189349,-0.10667,51.587711,29598385.16,29025.17909,3,UKI43,UK,Haringey and Islington,4,1,2,UKI43
299,E09000015,Harrow,,515356,189736,-0.33603,51.594669,50463306.79,33735.4607,3,UKI74,UK,Harrow and Hillingdon,4,1,2,UKI74
300,E09000016,Havering,,555032,187514,0.235368,51.565189,112341114.4,63646.68746,3,UKI52,UK,Barking & Dagenham and Havering,4,1,1,UKI52
301,E09000017,Hillingdon,,508166,183120,-0.44182,51.536629,115700538.6,63887.01474,3,UKI74,UK,Harrow and Hillingdon,4,1,2,UKI74
302,E09000018,Hounslow,,512742,174965,-0.37847,51.462429,55970483.67,64476.42135,3,UKI75,UK,Hounslow and Richmond upon Thames,4,1,1,UKI75
303,E09000019,Islington,,531158,184647,-0.10992,51.545479,14856651.42,20727.85737,3,UKI43,UK,Haringey and Islington,4,1,2,UKI43
304,E09000020,Kensington and Chelsea,,525757,179053,-0.18976,51.496441,12125376.81,20976.56659,3,UKI33,UK,Kensington & Chelsea and Hammersmith & Fulham,4,1,1,UKI33
305,E09000021,Kingston upon Thames,,519508,167389,-0.28367,51.39296,37261179.92,37553.14526,3,UKI63,UK,"Merton, Kingston upon Thames and Sutton",4,1,2,UKI63
306,E09000022,Lambeth,,531118,175629,-0.11385,51.464451,26819774.57,34006.70117,3,UKI45,UK,Lambeth,4,1,1,UKI45
307,E09000023,Lewisham,,537889,173344,-0.01733,51.44231,35148181.05,41248.79932,3,UKI44,UK,Lewisham and Southwark,4,1,1,UKI44
308,E09000024,Merton,,526069,169507,-0.18867,51.410568,37624739.94,32349.06014,3,UKI63,UK,"Merton, Kingston upon Thames and Sutton",4,1,2,UKI63
309,E09000025,Newham,,540715,183344,0.027289,51.531471,36196428.89,35770.18475,3,UKI41,UK,Hackney and Newham,4,1,1,UKI41
310,E09000026,Redbridge,,543511,189478,0.070071,51.585892,56405616.62,50404.20728,3,UKI53,UK,Redbridge and Waltham Forest,4,1,2,UKI53
311,E09000027,Richmond upon Thames,,519005,172650,-0.28914,51.44035,57393469.3,68791.05662,3,UKI75,UK,Hounslow and Richmond upon Thames,4,1,1,UKI75
312,E09000028,Southwark,,533947,175866,-0.07306,51.465919,28867282.34,34620.92082,3,UKI44,UK,Lewisham and Southwark,4,1,1,UKI44
313,E09000029,Sutton,,527356,163640,-0.17227,51.357559,43846970.97,39844.42333,3,UKI63,UK,"Merton, Kingston upon Thames and Sutton",4,1,2,UKI63
314,E09000030,Tower Hamlets,,536343,181452,-0.03643,51.515541,19768375.61,28735.09337,3,UKI42,UK,Tower Hamlets,4,1,1,UKI42
315,E09000031,Waltham Forest,,537327,190277,-0.01881,51.594608,38807964.33,33339.36535,3,UKI53,UK,Redbridge and Waltham Forest,4,1,2,UKI53
316,E09000032,Wandsworth,,525151,174138,-0.20023,51.4524,34256866.8,38799.53547,3,UKI34,UK,Wandsworth,4,1,1,UKI34
317,E09000033,Westminster,,528268,180870,-0.15295,51.512199,21477156.54,27430.62344,3,UKI32,UK,Westminster,4,1,1,UKI32
318,N09000001,Antrim and Newtownabbey,,130813,541285,-6.1776,54.693859,728186553.5,165145.0879,3,UKN13,UK,Antrim and Newtownabbey,4,2,1,UKN13
319,N09000002,"Armagh City, Banbridge and Craigavon",,112110,508158,-6.43455,54.3867,1437068553,243056.4471,3,UKN07,UK,"Armagh City, Banbridge and Craigavon",4,2,2,UKN07
320,N09000003,Belfast,,146465,529747,-5.92535,54.59853,137716630.5,65908.65383,3,UKN06,UK,Belfast,4,1,1,UKN06
321,N09000004,Causeway Coast and Glens,,106168,581420,-6.5996,55.039619,1985534511,381750.4174,3,UKN12,UK,Causeway Coast and Glens,4,3,1,UKN12
322,N09000005,Derry City and Strabane,,51779,559566,-7.42064,54.80904,1251241563,271488.9563,3,UKN10,UK,Derry City and Strabane,4,2,1,UKN10
323,N09000006,Fermanagh and Omagh,,41233,513013,-7.5271,54.385208,3012114877,426624.235,3,UKN16,UK,Fermanagh and Omagh,4,3,2,UKN16
324,N09000007,Lisburn and Castlereagh,,138712,518920,-6.03545,54.49752,510438068.2,167383.5239,3,UKN14,UK,Lisburn and Castlereagh,4,1,2,UKN14
325,N09000008,Mid and East Antrim,,133943,560151,-6.14645,54.86462,1061355467,234863.3303,3,UKN15,UK,Mid and East Antrim,4,2,1,UKN15
326,N09000009,Mid Ulster,,83920,528564,-6.8889,54.552731,1957293803,318433.3084,3,UKN11,UK,Mid Ulster,4,3,2,UKN11
327,N09000010,"Newry, Mourne and Down",,133006,480432,-6.08891,54.149529,1682340589,380093.278,3,UKN08,UK,"Newry, Mourne and Down",4,3,1,UKN08
328,N09000011,Ards and North Down,,164321,524944,-5.64568,54.564091,566472954.6,204689.1045,3,UKN09,UK,Ards and North Down,4,1,1,UKN09
329,S12000005,Clackmannanshire,,291159,696335,-3.75344,56.14724,158972120.2,94185.4153,3,UKM72,UK,Clackmannanshire and Fife,4,1,1,UKM72
330,S12000006,Dumfries and Galloway,,270645,579856,-4.02863,55.09621,6436441092,1204443.711,3,UKM92,UK,Dumfries & Galloway,4,3,1,UKM92
331,S12000008,East Ayrshire,,255398,624935,-4.29057,55.496738,1270342031,340964.5491,3,UKM93,UK,East Ayrshire and North Ayrshire mainland,4,2,1,UKM93
332,S12000010,East Lothian,,354854,672351,-2.72435,55.94207,679179836.3,200290.2473,3,UKM73,UK,East Lothian and Midlothian,4,1,1,UKM73
333,S12000011,East Renfrewshire,,251929,653115,-4.3606,55.74868,174249494.3,93882.514,3,UKM83,UK,"Inverclyde, East Renfrewshire and Renfrewshire",4,1,1,UKM83
334,S12000013,Na h-Eileanan Siar,,126473,932862,-6.65722,58.199379,3096880086,3874620.496,3,UKM64,UK,Na h-Eileanan Siar (Western Isles),4,3,1,UKM64
335,S12000014,Falkirk,,289661,679536,-3.7706,55.99604,297365613.2,145018.7243,3,UKM76,UK,Falkirk,4,1,1,UKM76
336,S12000017,Highland,,241018,858292,-4.66103,57.586571,26159623365,5221672.917,3,UKM61,UK,Caithness & Sutherland and Ross & Cromarty,2,3,1,UKM61
337,S12000018,Inverclyde,,227922,670894,-4.75387,55.900299,161948858.6,79292.39932,3,UKM83,UK,"Inverclyde, East Renfrewshire and Renfrewshire",4,1,1,UKM83
338,S12000019,Midlothian,,330088,659217,-3.11738,55.82111,355271573,126471.0628,3,UKM73,UK,East Lothian and Midlothian,4,1,1,UKM73
339,S12000020,Moray,,328024,843593,-3.20187,57.47683,2237218031,459685.9361,3,UKM62,UK,"Inverness & Nairn and Moray, Badenoch & Strathspey",2,2,1,UKM62
340,S12000021,North Ayrshire,,228996,651640,-4.7246,55.72789,885276171.3,349479.3716,3,UKM63,UK,"Lochaber, Skye & Lochalsh, Arran & Cumbrae and Argyll & Bute",3,3,1,UKM63
341,S12000023,Orkney Islands,,348293,1006584,-2.90025,58.94334,1015068427,1203626.449,3,UKM65,UK,Orkney Islands,4,3,1,UKM65
342,S12000026,Scottish Borders,,345891,626135,-2.85866,55.52594,4739182406,514891.6226,3,UKM91,UK,Scottish Borders,4,3,1,UKM91
343,S12000027,Shetland Islands,,434516,1180307,-1.37344,60.504951,1468495456,2322377.792,3,UKM66,UK,Shetland Islands,4,3,1,UKM66
344,S12000028,South Ayrshire,,226545,596271,-4.72899,55.23008,1224369285,334722.2937,3,UKM94,UK,South Ayrshire,4,2,1,UKM94
345,S12000029,South Lanarkshire,,284634,636071,-3.83272,55.60453,1773897196,284527.3402,3,UKM95,UK,South Lanarkshire,4,1,2,UKM95
346,S12000030,Stirling,,255980,708769,-4.32595,56.249531,2253344396,341963.1783,3,UKM77,UK,Perth & Kinross and Stirling,2,2,1,UKM77
347,S12000033,Aberdeen City,,387763,808479,-2.20398,57.166969,185610474.2,123556.5805,3,UKM50,UK,Aberdeen City and Aberdeenshire,4,2,1,UKM50
348,S12000034,Aberdeenshire,,352284,816277,-2.79208,57.234692,6317887804,799709.749,3,UKM50,UK,Aberdeen City and Aberdeenshire,4,2,1,UKM50
349,S12000035,Argyll and Bute,,200740,715443,-5.22114,56.28944,7006318125,3803209.37,3,UKM63,UK,"Lochaber, Skye & Lochalsh, Arran & Cumbrae and Argyll & Bute",3,3,1,UKM63
350,S12000036,City of Edinburgh,,320193,669416,-3.27826,55.91119,263351803.9,108121.33,3,UKM75,UK,"Edinburgh, City of",4,1,1,UKM75
351,S12000038,Renfrewshire,,239305,664698,-4.56834,55.848621,261487693.2,131636.238,3,UKM83,UK,"Inverclyde, East Renfrewshire and Renfrewshire",4,1,1,UKM83
352,S12000039,West Dunbartonshire,,242904,681586,-4.52074,56.0014,177320345.9,103697.4583,3,UKM81,UK,"East Dunbartonshire, West Dunbartonshire and Helensburgh & Lomond",2,1,1,UKM81
353,S12000040,West Lothian,,299483,668514,-3.60909,55.8992,428772096.7,134896.6443,3,UKM78,UK,West Lothian,4,1,1,UKM78
354,S12000041,Angus,,345518,759594,-2.89189,56.7248,2185122863,321368.9163,3,UKM71,UK,Angus and Dundee City,4,1,1,UKM71
355,S12000042,Dundee City,,340291,732145,-2.97095,56.4776,59830971.36,46805.94694,3,UKM71,UK,Angus and Dundee City,4,1,1,UKM71
356,S12000045,East Dunbartonshire,,261240,676154,-4.22417,55.95829,174489016.8,99603.05458,3,UKM81,UK,"East Dunbartonshire, West Dunbartonshire and Helensburgh & Lomond",2,1,1,UKM81
357,S12000047,Fife,,339197,704726,-2.98235,56.231171,1325381099,354737.7334,3,UKM72,UK,Clackmannanshire and Fife,4,1,1,UKM72
358,S12000048,Perth and Kinross,,284304,744186,-3.8848,56.575291,5383759647,619318.0006,3,UKM77,UK,Perth & Kinross and Stirling,2,2,1,UKM77
359,S12000049,Glasgow City,,261534,667033,-4.21479,55.876492,174621296.4,135584.0748,3,UKM82,UK,Glasgow City,4,1,1,UKM82
360,S12000050,North Lanarkshire,,277984,665608,-3.9514,55.868141,472309075.1,163984.7247,3,UKM84,UK,North Lanarkshire,4,1,2,UKM84
361,W06000001,Isle of Anglesey,Ynys Môn,245212,378343,-4.32306,53.279419,714827609.6,377822.3174,3,UKL11,UK,Isle of Anglesey,4,3,1,UKL11
362,W06000002,Gwynedd,Gwynedd,280555,334966,-3.77715,52.89883,2547891707,632724.5714,3,UKL12,UK,Gwynedd,2,3,1,UKL12
363,W06000003,Conwy,Conwy,283293,362563,-3.74646,53.147388,1130197330,283047.4405,3,UKL13,UK,Conwy and Denbighshire,2,2,1,UKL13
364,W06000004,Denbighshire,Sir Ddinbych,309843,355416,-3.34761,53.088329,838569401.7,228673.5374,3,UKL13,UK,Conwy and Denbighshire,2,2,1,UKL13
365,W06000005,Flintshire,Sir y Fflint,321134,369280,-3.18248,53.21471,439723939.2,239102.4169,3,UKL23,UK,Flintshire and Wrexham,4,1,1,UKL23
366,W06000006,Wrexham,Wrecsam,333523,345387,-2.99203,53.001671,503773489.3,190040.818,3,UKL23,UK,Flintshire and Wrexham,4,1,1,UKL23
367,W06000008,Ceredigion,Ceredigion,267127,268437,-3.94993,52.297951,1788908741,380232.8413,3,UKL14,UK,South West Wales,4,3,1,UKL14
368,W06000009,Pembrokeshire,Sir Benfro,199821,221392,-4.90818,51.855129,1618344601,743272.9332,3,UKL14,UK,South West Wales,4,3,1,UKL14
369,W06000010,Carmarthenshire,Sir Gaerfyrddin,247954,224133,-4.2111,51.894951,2371103921,591603.8785,3,UKL14,UK,South West Wales,4,3,1,UKL14
370,W06000011,Swansea,Abertawe,264022,197308,-3.96723,51.658058,377596417,270783.3706,3,UKL18,UK,Swansea,4,1,1,UKL18
371,W06000012,Neath Port Talbot,Castell-nedd Port Talbot,279261,195412,-3.74638,51.644501,442272615,182189.892,3,UKL17,UK,Bridgend and Neath Port Talbot,2,1,1,UKL17
372,W06000013,Bridgend,Pen-y-bont ar Ogwr,288231,185870,-3.61375,51.5606,250785304.5,93192.19762,3,UKL17,UK,Bridgend and Neath Port Talbot,2,1,1,UKL17
373,W06000014,Vale of Glamorgan,Bro Morgannwg,302946,173081,-3.39803,51.44836,331257510.1,108377.9937,3,UKL22,UK,Cardiff and Vale of Glamorgan,4,1,1,UKL22
374,W06000015,Cardiff,Caerdydd,315273,178887,-3.22208,51.502541,142287154.4,79778.29108,3,UKL22,UK,Cardiff and Vale of Glamorgan,4,1,1,UKL22
375,W06000016,Rhondda Cynon Taf,Rhondda Cynon Taf,302237,192395,-3.41359,51.621849,424150424.4,130240.6755,3,UKL15,UK,Central Valleys,3,1,2,UKL15
376,W06000018,Caerphilly,Caerffili,317245,195259,-3.19753,51.650009,277387812.5,116205.7514,3,UKL16,UK,Gwent Valleys,2,1,2,UKL16
377,W06000019,Blaenau Gwent,Blaenau Gwent,318236,206771,-3.18592,51.753639,108728050,65601.77107,3,UKL16,UK,Gwent Valleys,2,1,2,UKL16
378,W06000020,Torfaen,Torfaen,327459,200480,-3.05101,51.69836,126239927.8,82544.77597,3,UKL16,UK,Gwent Valleys,2,1,2,UKL16
379,W06000021,Monmouthshire,Sir Fynwy,337812,209231,-2.9028,51.778271,850264584.7,224184.4963,3,UKL21,UK,Monmouthshire and Newport,4,1,1,UKL21
380,W06000022,Newport,Casnewydd,337897,187432,-2.89769,51.58231,190372842.1,153723.498,3,UKL21,UK,Monmouthshire and Newport,4,1,1,UKL21
381,W06000023,Powys,Powys,302329,273255,-3.43531,52.34864,5195312117,610145.5414,3,UKL24,UK,Powys,2,3,2,UKL24
382,W06000024,Merthyr Tydfil,Merthyr Tudful,305916,206424,-3.36425,51.748581,111957018.6,66696.92959,3,UKL15,UK,Central Valleys,3,1,2,UKL15
